7.9_raw.csv_filtered_by_correlation15_SNR20_all_replacement_strategy_1,2022-11-26 23:05:48.265029
7.9_raw.csv_filtered_by_correlation15_SNR20_individual_replacement_strategy_1,2022-11-26 23:05:48.314918
7.6_raw.csv_filtered_by_correlation15_SNR20_all_replacement_strategy_1,2022-11-26 23:05:48.384736
7.6_raw.csv_filtered_by_correlation15_SNR20_individual_replacement_strategy_1,2022-11-26 23:05:48.446432
7.2_raw.csv_filtered_by_correlation15_SNR20_all_replacement_strategy_1,2022-11-26 23:05:48.520265
7.2_raw.csv_filtered_by_correlation15_SNR20_individual_replacement_strategy_1,2022-11-26 23:05:48.572108
Complete Duration,0:00:59.175967
Complete Duration,0:00:00.442839
Complete Duration,0:00:00.091831
Complete Duration,0:00:00.097336
Complete Duration,0:00:00.088636
Complete Duration,0:00:00.099997
Complete Duration,0:00:00.087872
Complete Duration,0:00:00.091282
Complete Duration,0:00:00.089186
7.9_raw.csv_filtered_by_correlation6.0_SNR6.0_all_replacement_strategy_1.0,2022-11-30 23:52:26.090858
7.9_raw.csv_filtered_by_correlation6.0_SNR6.0_individual_replacement_strategy_1.0,2022-11-30 23:52:26.218773
7.6_raw.csv_filtered_by_correlation6.0_SNR6.0_all_replacement_strategy_1.0,2022-11-30 23:52:26.396524
7.6_raw.csv_filtered_by_correlation6.0_SNR6.0_individual_replacement_strategy_1.0,2022-11-30 23:52:26.532291
7.2_raw.csv_filtered_by_correlation6.0_SNR6.0_all_replacement_strategy_1.0,2022-11-30 23:52:26.707605
7.2_raw.csv_filtered_by_correlation6.0_SNR6.0_individual_replacement_strategy_1.0,2022-11-30 23:52:26.846045
Complete Duration,0:00:01.020677
Complete Duration,0:00:00.041387
Complete Duration,0:00:00.042868
Complete Duration,0:00:00.051537
Complete Duration,0:00:00.053181
Complete Duration,0:00:00.041154
Complete Duration,0:00:00.051192
Complete Duration,0:00:00.319111
